libro,autor,precio,editorial,category,opinions
Ayuno consciente,Endika montiel,$ 49.000,Editorial planeta,Autoayuda - dieta,-1
Ayuno consciente,Endika montiel,$ 49.000,Editorial planeta,Autoayuda - dieta,-1
Balón de Cristal,Carolina jaramillo seligmann,$ 49.000,Grupo planeta,Temas varios,-1
Balón de Cristal,Carolina jaramillo seligmann,$ 49.000,Grupo planeta,Temas varios,-1
Gardel,Felipe pigna,$ 75.000,Grupo planeta,Biografías y autobiografías,-1
Gardel,Felipe pigna,$ 75.000,Grupo planeta,Biografías y autobiografías,-1
Kamala Harris,Dan morain,$ 45.000,Penguin random house,Biografías y autobiografías,-1
Kamala Harris,Dan morain,$ 45.000,Penguin random house,Biografías y autobiografías,-1
Como Evitar un Desastre Climatico,Bill gates,$ 52.000,Penguin random house,Ecología y medio ambiente,-1
Como Evitar un Desastre Climatico,Bill gates,$ 52.000,Penguin random house,Ecología y medio ambiente,-1
5. 749 Días,Juana sánchez ortega,$ 59.000,Grupo planeta,Libros de literatura,-1
5. 749 Días,Juana sánchez ortega,$ 59.000,Grupo planeta,Libros de literatura,-1
Fuertes  libres y nómadas,Elsapunset,$ 52.000,Destino,Psicologia,-1
Fuertes  libres y nómadas,Elsapunset,$ 52.000,Destino,Psicologia,-1
Gatos G-El Poder de los Tres 5-Sombras a,Hunter  erin,$ 52.000,Salamandra infantil y juvenil,-1,-1
Gatos G-El Poder de los Tres 5-Sombras a,Hunter  erin,$ 52.000,Salamandra infantil y juvenil,-1,-1
El Camino del Tarot,Maria alexandra  cabrera,$ 55.000,Diana,Esoterismo,3 opiniones
El Camino del Tarot,Maria alexandra  cabrera,$ 55.000,Diana,Esoterismo,3 opiniones
La Cadena de oro,Cassandra clare,$ 62.000,Grupo planeta,Libros de literatura,2 opiniones
La Cadena de oro,Cassandra clare,$ 62.000,Grupo planeta,Libros de literatura,2 opiniones
Recuerdos y desinformación,Jim carrey-dana vachon,$ 59.000,Temas de hoy,Actualidad,-1
Recuerdos y desinformación,Jim carrey-dana vachon,$ 59.000,Temas de hoy,Actualidad,-1
Memorias de Idhun ii. Triada,Gallego  laura,$ 55.000,Montena,-1,-1
Memorias de Idhun ii. Triada,Gallego  laura,$ 55.000,Montena,-1,-1
Bajo la Cruz del sur,Patricia cerda,$ 49.000,Grupo planeta,Novela histórica,-1
Bajo la Cruz del sur,Patricia cerda,$ 49.000,Grupo planeta,Novela histórica,-1
La ruta del conocimiento,Violet moller,$ 55.000,Taurus,-1,-1
La ruta del conocimiento,Violet moller,$ 55.000,Taurus,-1,-1
INSTRUMENTAL,Rhodes  james,$ 55.000,Blackie books,-1,1 opiniones
INSTRUMENTAL,Rhodes  james,$ 55.000,Blackie books,-1,1 opiniones
Por Aqui Paso una Luciernaga,Sorayda  peguero isaac,$ 52.000,Tusquets,Latinoamericana,-1
Por Aqui Paso una Luciernaga,Sorayda  peguero isaac,$ 52.000,Tusquets,Latinoamericana,-1
Una tierra prometida,Barack obama,$ 79.000,Debate,-1,30 opiniones
Una tierra prometida,Barack obama,$ 79.000,Debate,-1,30 opiniones
Y los Vegetales  ¿Pa' Cuándo?,Héctor mendoza y loana duque,$ 80.000,-1,-1,-1
Y los Vegetales  ¿Pa' Cuándo?,Héctor mendoza y loana duque,$ 80.000,-1,-1,-1
Muerte en Venecia  la,Mann  thomas,$ 32.000,Debols!llo,-1,-1
Muerte en Venecia  la,Mann  thomas,$ 32.000,Debols!llo,-1,-1
Millonario en una Sola Generacion,Sabat  ann marie,$ 50.000,Taller del exito,-1,-1
Millonario en una Sola Generacion,Sabat  ann marie,$ 50.000,Taller del exito,-1,-1
Brujas - mdl,Lozano  brenda,$ 49.000,Alfaguara,-1,-1
Brujas - mdl,Lozano  brenda,$ 49.000,Alfaguara,-1,-1
Riusplay y el Hechizo de la Luna Llena,Riusplay,$ 43.000,Altea,-1,-1
Riusplay y el Hechizo de la Luna Llena,Riusplay,$ 43.000,Altea,-1,-1
Harry Potter y la Piedra Filosofal (Ed. Minalima),J.k. rowling,$ 139.000,Salamandra (publicaciones y ediciones salamandra  s.a.),Literatura juvenil,20 opiniones
Harry Potter y la Piedra Filosofal (Ed. Minalima),J.k. rowling,$ 139.000,Salamandra (publicaciones y ediciones salamandra  s.a.),Literatura juvenil,20 opiniones
Arsene Lupin. Caballero y Ladrón.,Maurice-marie-émile leblanc,$ 25.000,Blanco & negro,-1,5 opiniones
Arsene Lupin. Caballero y Ladrón.,Maurice-marie-émile leblanc,$ 25.000,Blanco & negro,-1,5 opiniones
De la Television y Otras Memorias,Fernando restrepo suarez,$ 33.700,Intermedio,Undefined,-1
De la Television y Otras Memorias,Fernando restrepo suarez,$ 33.700,Intermedio,Undefined,-1
ARTE DE CUIDARTE  EL,Zararri  gio,$ 41.000,Vergara,-1,-1
ARTE DE CUIDARTE  EL,Zararri  gio,$ 41.000,Vergara,-1,-1
Detestable Error,Ana coello,$ 42.200,Sin fronteras grupo editorial,Juvenil,1 opiniones
Detestable Error,Ana coello,$ 42.200,Sin fronteras grupo editorial,Juvenil,1 opiniones
Se Regalan Dudas,Ashley frangie,$ 45.000,Grijalbo,Espiritualidad,1 opiniones
Se Regalan Dudas,Ashley frangie,$ 45.000,Grijalbo,Espiritualidad,1 opiniones
Crea y Divaga,Jeff  bezos,$ 49.000,Paidos,Biografías y autobiografías,10 opiniones
Crea y Divaga,Jeff  bezos,$ 49.000,Paidos,Biografías y autobiografías,10 opiniones
Primeros Para la Eternidad,Andres  alba escamilla,$ 33.700,Intermedio,Undefined,-1
Primeros Para la Eternidad,Andres  alba escamilla,$ 33.700,Intermedio,Undefined,-1
La Sombra de Orion,Pablo montoya,$ 55.000,Penguin random house,Libros de literatura,-1
La Sombra de Orion,Pablo montoya,$ 55.000,Penguin random house,Libros de literatura,-1
YA QUE ME ACUERDO,Alí humar,$ 33.700,Libros intermedio,Humor,-1
YA QUE ME ACUERDO,Alí humar,$ 33.700,Libros intermedio,Humor,-1
Revoluciones,Diana uribe,$ 75.000,Aguilar,Historia universal,55 opiniones
Revoluciones,Diana uribe,$ 75.000,Aguilar,Historia universal,55 opiniones
COMO SALIR DEL CLUB DE LOS FRACASADOS,Martínez  regina,$ 41.000,Grijalbo,-1,-1
COMO SALIR DEL CLUB DE LOS FRACASADOS,Martínez  regina,$ 41.000,Grijalbo,-1,-1
Dormir en un mar de Estrellas,Christopher paolini,$ 85.000,Umbriel,Ciencia ficción,-1
Dormir en un mar de Estrellas,Christopher paolini,$ 85.000,Umbriel,Ciencia ficción,-1
Simplemente Charli,D'amelio  charli,$ 41.000,Penguin random house g.e. (españa),Undefined,2 opiniones
Simplemente Charli,D'amelio  charli,$ 41.000,Penguin random house g.e. (españa),Undefined,2 opiniones
La Revolucion Interior,Cuellar b.  andrea,$ 44.000,Grijalbo,No ficción,-1
La Revolucion Interior,Cuellar b.  andrea,$ 44.000,Grijalbo,No ficción,-1
Piensa Como un Monje,Jay shetty,$ 49.000,Penguin random house,Autoayuda,3 opiniones
Piensa Como un Monje,Jay shetty,$ 49.000,Penguin random house,Autoayuda,3 opiniones
ROMPELA,Mora  carlos,$ 45.000,Ediciones b,-1,-1
ROMPELA,Mora  carlos,$ 45.000,Ediciones b,-1,-1
Arsene Lupin la Aguja Hueca,Maurice leblanc,$ 25.000,Editorial blanco y negro sas,Policiaca,-1
Arsene Lupin la Aguja Hueca,Maurice leblanc,$ 25.000,Editorial blanco y negro sas,Policiaca,-1
Perfectos Mentirosos 2,Mirez  alex,$ 47.000,Penguin random house g.e. (españa),Undefined,14 opiniones
Perfectos Mentirosos 2,Mirez  alex,$ 47.000,Penguin random house g.e. (españa),Undefined,14 opiniones
Perfectos Mentirosos 1,Mirez  alex,$ 49.000,Penguin random house g.e. (españa),Undefined,12 opiniones
Perfectos Mentirosos 1,Mirez  alex,$ 49.000,Penguin random house g.e. (españa),Undefined,12 opiniones
Descubre tus Arquetipos -60 Personas que Integran tu Personalidad,Lucila rosa mejía londoño,$ 140.000,-1,-1,-1
Descubre tus Arquetipos -60 Personas que Integran tu Personalidad,Lucila rosa mejía londoño,$ 140.000,-1,-1,-1
El silencio de la escafandra,Gustavo devoz,$ 40.000,Calixta editores,-1,-1
El silencio de la escafandra,Gustavo devoz,$ 40.000,Calixta editores,-1,-1
Todos los domingos son el fin del mundo,Harold trompetero,$ 33.000,E-ditorial 531,-1,-1
Todos los domingos son el fin del mundo,Harold trompetero,$ 33.000,E-ditorial 531,-1,-1
El Actor,Miguel ruiz,$ 47.000,Urano,Psicología,1 opiniones
El Actor,Miguel ruiz,$ 47.000,Urano,Psicología,1 opiniones
Maniático engendro,Marco cala,$ 28.000,Calixta editores,-1,1 opiniones
Maniático engendro,Marco cala,$ 28.000,Calixta editores,-1,1 opiniones
Espiral,Harold trompetero,$ 25.000,-1,-1,-1
Espiral,Harold trompetero,$ 25.000,-1,-1,-1
Las Verdades que Sostenemos:,Kamala harris,$ 49.000,Philomel books,-1,1 opiniones
Las Verdades que Sostenemos:,Kamala harris,$ 49.000,Philomel books,-1,1 opiniones
Melómanos: Historias de una Obsesión,Jacobo celnik,$ 39.000,Penguin random house,Música,-1
Melómanos: Historias de una Obsesión,Jacobo celnik,$ 39.000,Penguin random house,Música,-1
EL GRAN PLAN,Michlowicz  mike,$ 45.000,Conecta,-1,-1
EL GRAN PLAN,Michlowicz  mike,$ 45.000,Conecta,-1,-1
Esquizofrenia,Javier castellanos,$ 38.000,Calixta editores,-1,-1
Esquizofrenia,Javier castellanos,$ 38.000,Calixta editores,-1,-1
VASILI GROSSMAN Y EL SIGLO SOVIETICO,Alexandra popoff,$ 79.000,Critica,Historia,-1
VASILI GROSSMAN Y EL SIGLO SOVIETICO,Alexandra popoff,$ 79.000,Critica,Historia,-1
LA MIGRACIÓN INTRARREGIONAL EN AMÉRICA LATINA SOCIEDAD  LEGISLACIÓN Y DESAFÍOS EN UN MUNDO COMPLEJO,Colección grupos de trabajo,$ 80.000,Loreto correa vera,-1,-1
LA MIGRACIÓN INTRARREGIONAL EN AMÉRICA LATINA SOCIEDAD  LEGISLACIÓN Y DESAFÍOS EN UN MUNDO COMPLEJO,Colección grupos de trabajo,$ 80.000,Loreto correa vera,-1,-1
Joe Biden,Evan osnos,$ 45.000,Grupo planeta,Libros de biografías y autobiografías,3 opiniones
Joe Biden,Evan osnos,$ 45.000,Grupo planeta,Libros de biografías y autobiografías,3 opiniones
El Libro del Autocuidado,Jennifer ashton,$ 45.000,Diana,Autoayuda,-1
El Libro del Autocuidado,Jennifer ashton,$ 45.000,Diana,Autoayuda,-1
Tiempo de Mujeres II Hijas de una Nueva era,Carmen  korn,$ 55.000,Planeta,Literatura universal,-1
Tiempo de Mujeres II Hijas de una Nueva era,Carmen  korn,$ 55.000,Planeta,Literatura universal,-1
#AmigaDateCuenta presenta: #TuBarrioTeRespalda,Andonella y plaqueta,$ 59.000,Planeta,Actualidad,-1
#AmigaDateCuenta presenta: #TuBarrioTeRespalda,Andonella y plaqueta,$ 59.000,Planeta,Actualidad,-1
ISADORA MOON - SE METE EN UN LIO,Muncaster  harriet,$ 35.000,Penguin random house g.e. (españa),Infantiles,-1
ISADORA MOON - SE METE EN UN LIO,Muncaster  harriet,$ 35.000,Penguin random house g.e. (españa),Infantiles,-1
FUNDAMENTOS DE FILOSOFIA (NOBEL),Russell  bertrand,$ 32.000,Debols!llo,-1,-1
FUNDAMENTOS DE FILOSOFIA (NOBEL),Russell  bertrand,$ 32.000,Debols!llo,-1,-1
TU EN MI VIDA LOCA,Ponch  xime,$ 41.000,Altea,-1,-1
TU EN MI VIDA LOCA,Ponch  xime,$ 41.000,Altea,-1,-1
Volver la vista atras,Juan gabriel vásquez,$ 59.000,Alfaguara,Literatura contemporánea,3 opiniones
Volver la vista atras,Juan gabriel vásquez,$ 59.000,Alfaguara,Literatura contemporánea,3 opiniones
Gambito de Dama,Walter tevis,$ 49.000,Alfaguara,Libros de literatura,3 opiniones
Gambito de Dama,Walter tevis,$ 49.000,Alfaguara,Libros de literatura,3 opiniones
Como no ser una Adolescente Desastrosa ,Luisa maria  lulu 99,$ 41.000,Blok,Juvenil,87 opiniones
Como no ser una Adolescente Desastrosa ,Luisa maria  lulu 99,$ 41.000,Blok,Juvenil,87 opiniones
Yo soy Sofia Castro,Castro  sofía,$ 43.000,Montena,-1,82 opiniones
Yo soy Sofia Castro,Castro  sofía,$ 43.000,Montena,-1,82 opiniones
ALARGA TU ESPERANZA DE VIDA,Sinclair  david,$ 52.000,Grijalbo,-1,-1
ALARGA TU ESPERANZA DE VIDA,Sinclair  david,$ 52.000,Grijalbo,-1,-1
EL EXTRANJERO,Camus  albert,$ 40.000,Literatura random house,Novela,-1
EL EXTRANJERO,Camus  albert,$ 40.000,Literatura random house,Novela,-1
Un Buen Rato,Jana aston,$ 69.000,Chic,Undefined,-1
Un Buen Rato,Jana aston,$ 69.000,Chic,Undefined,-1
SOÑEMOS JUNTOS,Papa francisco,$ 39.000,Plaza & janes,-1,8 opiniones
SOÑEMOS JUNTOS,Papa francisco,$ 39.000,Plaza & janes,-1,8 opiniones
7 ESTRATEGIAS PARA ALCANZAR LA RIQUEZA Y FELICIDAD,Rohn  jim,$ 43.000,Taller del exito,Negocios,-1
7 ESTRATEGIAS PARA ALCANZAR LA RIQUEZA Y FELICIDAD,Rohn  jim,$ 43.000,Taller del exito,Negocios,-1
La biología del presente,Sergi torres,$ 45.000,Diana,Autoayuda,1 opiniones
La biología del presente,Sergi torres,$ 45.000,Diana,Autoayuda,1 opiniones
CONSTRUYENDO SOBRE CIMIENTOS FIRMES,Lidow  derek,$ 51.000,Taller del exito,-1,-1
CONSTRUYENDO SOBRE CIMIENTOS FIRMES,Lidow  derek,$ 51.000,Taller del exito,-1,-1
Cumbiana,Varios autores,$ 52.000,Planeta,Música folclórica y tradicional,6 opiniones
Cumbiana,Varios autores,$ 52.000,Planeta,Música folclórica y tradicional,6 opiniones
Mujeres del Alma mía,Isabel allende,$ 45.000,Penguin random house,Latinoamericana,27 opiniones
Mujeres del Alma mía,Isabel allende,$ 45.000,Penguin random house,Latinoamericana,27 opiniones
El Club del Crimen de los Jueves,Richard osman,$ 54.000,Espasa,-1,1 opiniones
El Club del Crimen de los Jueves,Richard osman,$ 54.000,Espasa,-1,1 opiniones
LA CAIDA (NOBEL),Camus  albert,$ 32.000,Debols!llo,-1,-1
LA CAIDA (NOBEL),Camus  albert,$ 32.000,Debols!llo,-1,-1
THE PROM,Saundra mitchell / matthew sklar / chad beguelin /bob martin,$ 42.000,Nube de tinta,-1,-1
THE PROM,Saundra mitchell / matthew sklar / chad beguelin /bob martin,$ 42.000,Nube de tinta,-1,-1
Cambiemos de vía,Edgar morin,$ 42.000,Paidos,Filosofía,-1
Cambiemos de vía,Edgar morin,$ 42.000,Paidos,Filosofía,-1
La Gemela,Natasha preston,$ 49.000,Grupo planeta,Juvenil,-1
La Gemela,Natasha preston,$ 49.000,Grupo planeta,Juvenil,-1
Astropoets: Tu Guia del Zodiaco,Dimitrov  alex; lasky  dorothea,$ 41.000,Penguin random house g.e. (españa),No ficción,1 opiniones
Astropoets: Tu Guia del Zodiaco,Dimitrov  alex; lasky  dorothea,$ 41.000,Penguin random house g.e. (españa),No ficción,1 opiniones
Siete Días de Pasión,Olga lucia morales burgos,$ 45.000,Esencia,Erótica,-1
Siete Días de Pasión,Olga lucia morales burgos,$ 45.000,Esencia,Erótica,-1
La casa infernal,Richard matheson,$ 55.000,Minotauro,Terror,-1
La casa infernal,Richard matheson,$ 55.000,Minotauro,Terror,-1
VIDA DESPUES DE LA MUERTE,Cruz niño  esteban,$ 45.000,Ediciones b,No ficción,33 opiniones
VIDA DESPUES DE LA MUERTE,Cruz niño  esteban,$ 45.000,Ediciones b,No ficción,33 opiniones
Aquitania,Eva garcía sáenz de urturi,$ 49.000,Planeta,Novela histórica,2 opiniones
Aquitania,Eva garcía sáenz de urturi,$ 49.000,Planeta,Novela histórica,2 opiniones
¿Por qué Todos Saben Inglés Menos yo?,Alejo lopera,$ 31.200,Grupo sin fronteras sas,Idiomas,42 opiniones
¿Por qué Todos Saben Inglés Menos yo?,Alejo lopera,$ 31.200,Grupo sin fronteras sas,Idiomas,42 opiniones
ALGUNA VEZ ESTUVE MUERTO,Quiroz  fernando,$ 40.000,Alfaguara,-1,-1
ALGUNA VEZ ESTUVE MUERTO,Quiroz  fernando,$ 40.000,Alfaguara,-1,-1
LAS INSEPARABLES,De beauvoir  simone,$ 45.000,Lumen,-1,-1
LAS INSEPARABLES,De beauvoir  simone,$ 45.000,Lumen,-1,-1
Mindfulness Para Líderes,Audrey tang,$ 45.000,Paidos,Empresa,-1
Mindfulness Para Líderes,Audrey tang,$ 45.000,Paidos,Empresa,-1
EL HOMBRE QUE NO FUE JUEVES,Constaín  juan esteban,$ 35.000,Debols!llo,-1,-1
EL HOMBRE QUE NO FUE JUEVES,Constaín  juan esteban,$ 35.000,Debols!llo,-1,-1
Coronavirus: Diez especulaciones sobre el futuro,Varios autores,$ 49.000,Planeta,-1,-1
Coronavirus: Diez especulaciones sobre el futuro,Varios autores,$ 49.000,Planeta,-1,-1
Bebés que comen,Dra. yesica castillo,$ 49.000,Critica,-1,2 opiniones
Bebés que comen,Dra. yesica castillo,$ 49.000,Critica,-1,2 opiniones
LA CIUDAD DE VAPOR,Carlos ruiz zafón,$ 49.000,Planeta,Novela contemporánea,17 opiniones
LA CIUDAD DE VAPOR,Carlos ruiz zafón,$ 49.000,Planeta,Novela contemporánea,17 opiniones
Nuez de Brasil,Gidalti jr,$ 49.000,Planeta comic,Undefined,-1
Nuez de Brasil,Gidalti jr,$ 49.000,Planeta comic,Undefined,-1
Arsene Lupin. Caballero y Ladrón.,Maurice-marie-émile leblanc,$ 25.000,Blanco & negro,-1,5 opiniones
Arsene Lupin. Caballero y Ladrón.,Maurice-marie-émile leblanc,$ 25.000,Blanco & negro,-1,5 opiniones
El Milagro Metabolico,Carlos jaramillo,$ 49.000,Planeta,Nutrición,394 opiniones
El Milagro Metabolico,Carlos jaramillo,$ 49.000,Planeta,Nutrición,394 opiniones
Conversaciones con Dios 1,Neale donald walsch,$ 36.000,Penguin random house,Espiritualidad,48 opiniones
Conversaciones con Dios 1,Neale donald walsch,$ 36.000,Penguin random house,Espiritualidad,48 opiniones
Inteligencia Emocional  la,Daniel goleman,$ 39.000,B de bolsillo,Libros de superación personal,96 opiniones
Inteligencia Emocional  la,Daniel goleman,$ 39.000,B de bolsillo,Libros de superación personal,96 opiniones
El Psicoanalista,John katzenbach,$ 41.000,Penguin random house,Libros de literatura,74 opiniones
El Psicoanalista,John katzenbach,$ 41.000,Penguin random house,Libros de literatura,74 opiniones
Harry Potter y la Piedra Filosofal (Harry Potter 1) ,J. k. rowling,$ 39.000,Penguin random house,Libros de literatura,62 opiniones
Harry Potter y la Piedra Filosofal (Harry Potter 1) ,J. k. rowling,$ 39.000,Penguin random house,Libros de literatura,62 opiniones
Se Regalan Dudas,Ashley frangie,$ 45.000,Grijalbo,Espiritualidad,1 opiniones
Se Regalan Dudas,Ashley frangie,$ 45.000,Grijalbo,Espiritualidad,1 opiniones
Delirio,Laura restrepo,$ 39.000,Debolsillo,Latinoamericana,19 opiniones
Delirio,Laura restrepo,$ 39.000,Debolsillo,Latinoamericana,19 opiniones
El Amor en los Tiempos del Colera,Gabriel garcía márquez,$ 36.000,Penguin random house,Libros de literatura,78 opiniones
El Amor en los Tiempos del Colera,Gabriel garcía márquez,$ 36.000,Penguin random house,Libros de literatura,78 opiniones
Orgullo y Prejuicio,Jane austen,$ 46.000,Penguin random house,Narrativa histórica,50 opiniones
Orgullo y Prejuicio,Jane austen,$ 46.000,Penguin random house,Narrativa histórica,50 opiniones
Como Evitar un Desastre Climatico,Bill gates,$ 52.000,Penguin random house,Ecología y medio ambiente,-1
Como Evitar un Desastre Climatico,Bill gates,$ 52.000,Penguin random house,Ecología y medio ambiente,-1
Harry Potter 2 y la Camara Secreta,J.k rowling,$ 39.000,Salamandra de bolsillo,Libros de literatura,39 opiniones
Harry Potter 2 y la Camara Secreta,J.k rowling,$ 39.000,Salamandra de bolsillo,Libros de literatura,39 opiniones
Pensar Rápido  Pensar Despacio (Edición de Bolsillo ),Daniel kahneman,$ 44.000,Penguin random house,Temas varios,30 opiniones
Pensar Rápido  Pensar Despacio (Edición de Bolsillo ),Daniel kahneman,$ 44.000,Penguin random house,Temas varios,30 opiniones
Harry Potter 3 y el Prisionero de Azkaban,J. k. rowling,$ 41.000,Salamandra de bolsillo,Undefined,29 opiniones
Harry Potter 3 y el Prisionero de Azkaban,J. k. rowling,$ 41.000,Salamandra de bolsillo,Undefined,29 opiniones
El Club de las 5 de la Mañana. Controla tus Mañanas  Impulsa tu Vida,Robin sharma,$ 47.000,Penguin random house,Autoayuda y superación,153 opiniones
El Club de las 5 de la Mañana. Controla tus Mañanas  Impulsa tu Vida,Robin sharma,$ 47.000,Penguin random house,Autoayuda y superación,153 opiniones
Satanas - nva Presentacion,Mario mendoza,$ 35.000,Planeta,Latinoamericana,93 opiniones
Satanas - nva Presentacion,Mario mendoza,$ 35.000,Planeta,Latinoamericana,93 opiniones
Monje que Vendio su Ferrari,Robin s. sharma,$ 36.000,Debolsillo,Espiritualidad,17 opiniones
Monje que Vendio su Ferrari,Robin s. sharma,$ 36.000,Debolsillo,Espiritualidad,17 opiniones
Mujeres que Corren con Lobos,Clarissa pinkola estés,$ 44.000,B de bolsillo,Autoayuda y superación,55 opiniones
Mujeres que Corren con Lobos,Clarissa pinkola estés,$ 44.000,B de bolsillo,Autoayuda y superación,55 opiniones
El milagro antiestrés,Dr. carlos jaramillo,$ 49.000,Planeta,Salud,162 opiniones
El milagro antiestrés,Dr. carlos jaramillo,$ 49.000,Planeta,Salud,162 opiniones
1984,George orwell,$ 41.000,Debolsillo,-1,42 opiniones
1984,George orwell,$ 41.000,Debolsillo,-1,42 opiniones
La Casa de los Espiritus,Isabel allende,$ 41.000,Penguin random house,Latinoamericana,24 opiniones
La Casa de los Espiritus,Isabel allende,$ 41.000,Penguin random house,Latinoamericana,24 opiniones
La Sombra de Orion,Pablo montoya,$ 55.000,Penguin random house,Libros de literatura,-1
La Sombra de Orion,Pablo montoya,$ 55.000,Penguin random house,Libros de literatura,-1
¿Por qué Todos Saben Inglés Menos yo?,Alejo lopera,$ 31.200,Grupo sin fronteras sas,Idiomas,42 opiniones
¿Por qué Todos Saben Inglés Menos yo?,Alejo lopera,$ 31.200,Grupo sin fronteras sas,Idiomas,42 opiniones
Cien Años de Soledad,Gabriel garcía márquez,$ 36.000,Penguin random house,Literatura,24 opiniones
Cien Años de Soledad,Gabriel garcía márquez,$ 36.000,Penguin random house,Literatura,24 opiniones
Padre Rico  Padre Pobre. Qué le enseñan los ricos a sus hijos acerca del dinero  ¡que los pobres y la clase media no!,Robert t. kiyosaki,$ 38.000,Debolsillo,Libros de superación personal,44 opiniones
Padre Rico  Padre Pobre. Qué le enseñan los ricos a sus hijos acerca del dinero  ¡que los pobres y la clase media no!,Robert t. kiyosaki,$ 38.000,Debolsillo,Libros de superación personal,44 opiniones
La Domadora de Mamuts,Maria bernarda vergara,$ 35.950,Intermedio editores,Nutrición,80 opiniones
La Domadora de Mamuts,Maria bernarda vergara,$ 35.950,Intermedio editores,Nutrición,80 opiniones
Destroza Este Diario. Ahora a Todo Color,Keri smith,$ 42.000,Grupo planeta,Arte,21 opiniones
Destroza Este Diario. Ahora a Todo Color,Keri smith,$ 42.000,Grupo planeta,Arte,21 opiniones
El Hombre en Busca de Sentido,Viktor frankl,$ 51.000,Herder,Historia,133 opiniones
El Hombre en Busca de Sentido,Viktor frankl,$ 51.000,Herder,Historia,133 opiniones
Cronica de una Muerte Anunciada,Garcia marquez gabriel,$ 26.000,Penguin random house s.a.s,Literatura,28 opiniones
Cronica de una Muerte Anunciada,Garcia marquez gabriel,$ 26.000,Penguin random house s.a.s,Literatura,28 opiniones
Harry Potter y el Misterio del Príncipe (Harry Potter 6),J. k. rowling,$ 45.000,Penguin random house,Libros de literatura,17 opiniones
Harry Potter y el Misterio del Príncipe (Harry Potter 6),J. k. rowling,$ 45.000,Penguin random house,Libros de literatura,17 opiniones
Atlas Ilustrado de la Historia del Mundo en Mapas,John haywood,$ 110.900,Susaeta,Historia,33 opiniones
Atlas Ilustrado de la Historia del Mundo en Mapas,John haywood,$ 110.900,Susaeta,Historia,33 opiniones
Juegos de Lógica Para Refrescar tus Neuronas,Varios autores,$ 75.350,Alma,Autoayuda,1 opiniones
Juegos de Lógica Para Refrescar tus Neuronas,Varios autores,$ 75.350,Alma,Autoayuda,1 opiniones
El Negociador,Arturo elias ayub,$ 76.500,Grijalbo,Undefined,-1
El Negociador,Arturo elias ayub,$ 76.500,Grijalbo,Undefined,-1
El Infinito En Un Junco,Irene vallejo,$ 150.350,Siruela,Libros,29 opiniones
El Infinito En Un Junco,Irene vallejo,$ 150.350,Siruela,Libros,29 opiniones
La Bruja Verde. Guía Completa de Magia Natural con Hierbas  Flores  Aceites Esenciales y más,Arin murphy-hiscock,$ 85.150,Arkano books,Esoterismo,98 opiniones
La Bruja Verde. Guía Completa de Magia Natural con Hierbas  Flores  Aceites Esenciales y más,Arin murphy-hiscock,$ 85.150,Arkano books,Esoterismo,98 opiniones
Infinito en un Junco la Invencion de los Libros en el Mundo Antiguo,Vallejo  irene,$ 139.750,Siruela/grupal,Historia,7 opiniones
Infinito en un Junco la Invencion de los Libros en el Mundo Antiguo,Vallejo  irene,$ 139.750,Siruela/grupal,Historia,7 opiniones
Kriya Yoga Sutras de Patanjali y los Siddhas,Marshall govindan,$ 137.350,Kriya yoga,Religión,1 opiniones
Kriya Yoga Sutras de Patanjali y los Siddhas,Marshall govindan,$ 137.350,Kriya yoga,Religión,1 opiniones
Te Acuerdas del mar,Godoy barbosa  oscar,$ 79.250,Clarin-alfaguara,Ficción,-1
Te Acuerdas del mar,Godoy barbosa  oscar,$ 79.250,Clarin-alfaguara,Ficción,-1
La Ciencia de las Especias,Varios autores,$ 142.500,Dk,Gastronomía y cocina,-1
La Ciencia de las Especias,Varios autores,$ 142.500,Dk,Gastronomía y cocina,-1
Cuentos Inconclusos,J. r. r. tolkien,$ 104.700,Minotauro,Novela fantastica,3 opiniones
Cuentos Inconclusos,J. r. r. tolkien,$ 104.700,Minotauro,Novela fantastica,3 opiniones
"Estuche ""Los Habitantes del Aire"" (Incluye ""el Principe Cruel"" / ""el rey Malvado"" / ""la Reina de Nada"")",Holly black,$ 277.650,Hidra,Libros juveniles,23 opiniones
"Estuche ""Los Habitantes del Aire"" (Incluye ""el Principe Cruel"" / ""el rey Malvado"" / ""la Reina de Nada"")",Holly black,$ 277.650,Hidra,Libros juveniles,23 opiniones
El Código de las Mentes Extraordinarias: 10 Leyes no Convencionales Para Redefi nir tu Vida y Alcanzar el Éxito (Psicología y Autoayuda),Vishen lakhiani,$ 137.400,Edaf,Psicología,27 opiniones
El Código de las Mentes Extraordinarias: 10 Leyes no Convencionales Para Redefi nir tu Vida y Alcanzar el Éxito (Psicología y Autoayuda),Vishen lakhiani,$ 137.400,Edaf,Psicología,27 opiniones
Mentalidad Mamba,Kobe bryant,$ 83.450,Planeta,-1,18 opiniones
Mentalidad Mamba,Kobe bryant,$ 83.450,Planeta,-1,18 opiniones
Mis Pastelitos: Recetario Dulce y Eshpeshial ( Spanish ),Gris verduzco,$ 86.450,Altea,Undefined,36 opiniones
Mis Pastelitos: Recetario Dulce y Eshpeshial ( Spanish ),Gris verduzco,$ 86.450,Altea,Undefined,36 opiniones
Para Insultar con Propiedad. Diccionario de Insultos,Algarabia,$ 76.500,Grijalbo,Humor,2 opiniones
Para Insultar con Propiedad. Diccionario de Insultos,Algarabia,$ 76.500,Grijalbo,Humor,2 opiniones
Disciplina sin Lágrimas,Daniel j. siegel; tina payne bryson,$ 61.050,B de bolsillo,Psicología,64 opiniones
Disciplina sin Lágrimas,Daniel j. siegel; tina payne bryson,$ 61.050,B de bolsillo,Psicología,64 opiniones
Las Aventuras de Dani y Evan. La Isla de los Pterosaurios (Youtubers Infantiles),Las aventuras de dani y evan,$ 93.650,Planeta,Libros para niños,8 opiniones
Las Aventuras de Dani y Evan. La Isla de los Pterosaurios (Youtubers Infantiles),Las aventuras de dani y evan,$ 93.650,Planeta,Libros para niños,8 opiniones
La Vaca Púrpura,Seth godin,$ 69.250,Booket,Economía,12 opiniones
La Vaca Púrpura,Seth godin,$ 69.250,Booket,Economía,12 opiniones
La Sombra del Padre. Historia de José de Nazaret (Arcaduz),Jan dobraczynski,$ 119.900,Arcaduz,Cristianismo,4 opiniones
La Sombra del Padre. Historia de José de Nazaret (Arcaduz),Jan dobraczynski,$ 119.900,Arcaduz,Cristianismo,4 opiniones
Recetas el Poder del Metabolismo por Frank Suárez - Coma Sabroso Mientras Mejora su Metabolismo y Adelgaza,Frank suárez,$ 87.250,Metabolic press,Nutrición,36 opiniones
Recetas el Poder del Metabolismo por Frank Suárez - Coma Sabroso Mientras Mejora su Metabolismo y Adelgaza,Frank suárez,$ 87.250,Metabolic press,Nutrición,36 opiniones
La Cuarta Revolucion Industrial,Schwab klaus,$ 81.800,Debate,Historia,2 opiniones
La Cuarta Revolucion Industrial,Schwab klaus,$ 81.800,Debate,Historia,2 opiniones
Una Lengua muy muy Larga,Lola pons rodríguez,$ 96.500,Arpa editores,Lingüistica,2 opiniones
Una Lengua muy muy Larga,Lola pons rodríguez,$ 96.500,Arpa editores,Lingüistica,2 opiniones
Van Gogh,I.walther,$ 111.100,Taschen,Arte,22 opiniones
Van Gogh,I.walther,$ 111.100,Taschen,Arte,22 opiniones
H. P. Lovecraft Obra Completa,H.p. lovecraft,$ 172.250,Edimat libros,Novela y narrativa extranjera,7 opiniones
H. P. Lovecraft Obra Completa,H.p. lovecraft,$ 172.250,Edimat libros,Novela y narrativa extranjera,7 opiniones
Fenomenologia del Espiritu,Georg wilhelm friedrich hegel,$ 101.650,Fondo de cultura económica,Literatura,11 opiniones
Fenomenologia del Espiritu,Georg wilhelm friedrich hegel,$ 101.650,Fondo de cultura económica,Literatura,11 opiniones
Caliban y la Bruja. Mujeres  Cuerpo y Acumulacion Originaria,Silvia federici,$ 93.100,Tinta limon,-1,3 opiniones
Caliban y la Bruja. Mujeres  Cuerpo y Acumulacion Originaria,Silvia federici,$ 93.100,Tinta limon,-1,3 opiniones
Cómo Sanar tu Historia Familiar: 5 Pasos Para Liberarte de los Patrones Destructivos,Rebecca linder hintze,$ 84.800,Gaia ediciones,Psicología,14 opiniones
Cómo Sanar tu Historia Familiar: 5 Pasos Para Liberarte de los Patrones Destructivos,Rebecca linder hintze,$ 84.800,Gaia ediciones,Psicología,14 opiniones
Por que Dormimos,Walker  matthew,$ 85.750,Paidos,Ciencia,6 opiniones
Por que Dormimos,Walker  matthew,$ 85.750,Paidos,Ciencia,6 opiniones
El Patrón Bitcoin: La Alternativa Descentralizada a los Bancos Centrales,Saifedean ammous,$ 164.400,Ediciones deusto,Economía,-1
El Patrón Bitcoin: La Alternativa Descentralizada a los Bancos Centrales,Saifedean ammous,$ 164.400,Ediciones deusto,Economía,-1
